'Lamberton', 134, 10
'Chandler', 375, 10
'Fairchild', 145, 27
'Nassau', 45, 92
'Grace', 40, 34
'Whitman', 134, 120
'Lamberton', 143, 10
'Taylor', 812, 115
'Saucon', 113, 109
'Painter', 86, 97
'Alumni', 547, 26
'Alumni', 143, 47
'Drown', 757, 18
'Saucon', 180, 15
'Whitman', 434, 32
'Saucon', 844, 24
'Bronfman', 700, 12
'Polya', 808, 28
'Gates', 707, 65
'Gates', 314, 10
'Main', 45, 30
'Taylor', 183, 71
'Power', 972, 10
'Garfield', 119, 59
'Rathbone', 261, 60
'Stabler', 105, 113
'Power', 717, 12
'Main', 425, 22
'Lambeau', 348, 51
'Chandler', 804, 11
